{"type":"tabular","sourceMapping":{"1":"ConnectivityAssociation","6":"QS10085.UNADMIN.ElectricDistributionDevice","7":"QS10085.UNADMIN.ElectricDistributionLine","9":"QS10085.UNADMIN.ElectricDistributionJunction"},"rows":[{"viaNetworkSourceId":7,"viaGlobalId":"{422E6D62-F68E-4DDE-A3D1-F5466B6A136C}","viaAssetGroupName":"Low Voltage","viaGeometry":{"hasZ":true,"hasM":true,"paths":[[[6815682.885900899768,1843065.821362793446,0,null],[6815770.9437956512,1843051.783333137631,0,null]]]},"fromNetworkSourceId":9,"fromGlobalId":"{68166019-ACD0-4F1F-985D-3662839E07D2}","fromAssetGroupName":"Connection Point","fromTerminalId":1,"fromGeometry":{"x":6815682.885900899768,"y":1843065.821362793446,"z":0,"m":null},"toNetworkSourceId":9,"toGlobalId":"{DFB0008E-F20C-4745-9E73-A1D96E99FE4E}","toAssetGroupName":"Connection Point","toTerminalId":1,"toGeometry":{"x":6815770.9437956512,"y":1843051.783333137631,"z":0,"m":null}},{"viaNetworkSourceId":7,"viaGlobalId":"{3647AF50-06F6-4053-A1C6-A9A2833D78FE}","viaAssetGroupName":"Low Voltage","viaGeometry":{"hasZ":true,"hasM":true,"paths":[[[6815770.9437956512,1843051.783333137631,0,null],[6815828.628063485,1843080.6254670471,0,null],[6815957.268882319331,1843079.859720543,0,null]]]},"fromNetworkSourceId":9,"fromGlobalId":"{DFB0008E-F20C-4745-9E73-A1D96E99FE4E}","fromAssetGroupName":"Connection Point","fromTerminalId":1,"fromGeometry":{"x":6815770.9437956512,"y":1843051.783333137631,"z":0,"m":null},"toNetworkSourceId":9,"toGlobalId":"{33EF1143-FA6E-48FA-93DD-858AFBC67D54}","toAssetGroupName":"Connection Point","toTerminalId":1,"toGeometry":{"x":6815957.268882319331,"y":1843079.859720543,"z":0,"m":null}},{"viaNetworkSourceId":7,"viaGlobalId":"{EE46069E-2658-4E1F-94AA-3CAA400D0AC7}","viaAssetGroupName":"Low Voltage","viaGeometry":{"hasZ":true,"hasM":true,"paths":[[[6815610.142279982567,1843125.802870124578,0,null],[6815620.351905226707,1843110.233347460628,0,null],[6815646.897127732635,1843101.044717550278,0,null],[6815682.885900899768,1843065.821362793446,0,null]]]},"fromNetworkSourceId":9,"fromGlobalId":"{2B6225F3-6544-4995-BA7D-7908113B5E87}","fromAssetGroupName":"Connection Point","fromTerminalId":1,"fromGeometry":{"x":6815610.142279982567,"y":1843125.802870124578,"z":0,"m":null},"toNetworkSourceId":9,"toGlobalId":"{68166019-ACD0-4F1F-985D-3662839E07D2}","toAssetGroupName":"Connection Point","toTerminalId":1,"toGeometry":{"x":6815682.885900899768,"y":1843065.821362793446,"z":0,"m":null}},{"viaNetworkSourceId":7,"viaGlobalId":"{809EAECD-B9A2-4DDE-BAEC-CED0B4D75035}","viaAssetGroupName":"Low Voltage","viaGeometry":{"hasZ":true,"hasM":true,"paths":[[[6815552.71326097846,1843226.622878462076,0,null],[6815552.968509808183,1843190.8890260458,0,null],[6815610.142279982567,1843125.802870124578,0,null]]]},"fromNetworkSourceId":9,"fromGlobalId":"{1861FC2A-187C-4A47-88AB-8D6CDF90A712}","fromAssetGroupName":"Connection Point","fromTerminalId":1,"fromGeometry":{"x":6815552.71326097846,"y":1843226.622878462076,"z":0,"m":null},"toNetworkSourceId":9,"toGlobalId":"{2B6225F3-6544-4995-BA7D-7908113B5E87}","toAssetGroupName":"Connection Point","toTerminalId":1,"toGeometry":{"x":6815610.142279982567,"y":1843125.802870124578,"z":0,"m":null}},{"viaNetworkSourceId":7,"viaGlobalId":"{6AFD0387-AF97-4D78-B2C5-52D75EAF4AF9}","viaAssetGroupName":"Low Voltage","viaGeometry":{"hasZ":true,"hasM":true,"paths":[[[6815957.268882319331,1843079.859720543,0,null],[6815960.3318683058,1842957.089296802878,0,null],[6815975.135644480586,1842907.572663545609,0,null]]]},"fromNetworkSourceId":9,"fromGlobalId":"{33EF1143-FA6E-48FA-93DD-858AFBC67D54}","fromAssetGroupName":"Connection Point","fromTerminalId":1,"fromGeometry":{"x":6815957.268882319331,"y":1843079.859720543,"z":0,"m":null},"toNetworkSourceId":9,"toGlobalId":"{7FC28536-6F4A-4A9A-B439-1D87AE2D8871}","toAssetGroupName":"Connection Point","toTerminalId":1,"toGeometry":{"x":6815975.135644480586,"y":1842907.572663545609,"z":0,"m":null}},{"viaNetworkSourceId":7,"viaGlobalId":"{F659CB5B-06DB-4438-A70D-19EA1012302E}","viaAssetGroupName":"Low Voltage","viaGeometry":{"hasZ":true,"hasM":true,"paths":[[[6815718.619425222278,1843338.928428128362,0,null],[6815654.0437669754,1843309.320547714829,0,null],[6815552.71326097846,1843226.622878462076,0,null]]]},"fromNetworkSourceId":9,"fromGlobalId":"{F790F99C-CF07-4E1E-9243-665378A19043}","fromAssetGroupName":"Connection Point","fromTerminalId":1,"fromGeometry":{"x":6815718.619425222278,"y":1843338.928428128362,"z":0,"m":null},"toNetworkSourceId":9,"toGlobalId":"{1861FC2A-187C-4A47-88AB-8D6CDF90A712}","toAssetGroupName":"Connection Point","toTerminalId":1,"toGeometry":{"x":6815552.71326097846,"y":1843226.622878462076,"z":0,"m":null}},{"viaNetworkSourceId":1,"viaGlobalId":"{F128B51F-7B39-4A9A-8B57-487F71E62FE3}","viaAssetGroupName":"Unknown","viaGeometry":{},"fromNetworkSourceId":6,"fromGlobalId":"{1E7FD915-33B9-42DD-A66E-486ACACE0453}","fromAssetGroupName":"Service Point","fromTerminalId":1,"fromGeometry":{"x":6815901.116107478738,"y":1842935.649050965905,"z":0,"m":null},"toNetworkSourceId":9,"toGlobalId":"{7FC28536-6F4A-4A9A-B439-1D87AE2D8871}","toAssetGroupName":"Connection Point","toTerminalId":1,"toGeometry":{"x":6815975.135644480586,"y":1842907.572663545609,"z":0,"m":null}},{"viaNetworkSourceId":1,"viaGlobalId":"{BCCE8896-50B2-42AE-9117-7FF7BE77A73F}","viaAssetGroupName":"Unknown","viaGeometry":{},"fromNetworkSourceId":6,"fromGlobalId":"{A74F2044-365A-4277-9166-71C15062C5B3}","fromAssetGroupName":"Service Point","fromTerminalId":1,"fromGeometry":{"x":6815927.6610018909,"y":1842884.6009247154,"z":0,"m":null},"toNetworkSourceId":9,"toGlobalId":"{7FC28536-6F4A-4A9A-B439-1D87AE2D8871}","toAssetGroupName":"Connection Point","toTerminalId":1,"toGeometry":{"x":6815975.135644480586,"y":1842907.572663545609,"z":0,"m":null}},{"viaNetworkSourceId":7,"viaGlobalId":"{090926D1-4D89-4C0A-9353-CFEEC6CA844E}","viaAssetGroupName":"Low Voltage","viaGeometry":{"hasZ":true,"hasM":true,"paths":[[[6816245.690221473575,1843044.126196220517,0,null],[6816246.966465652,1843007.116099625826,0,null],[6816272.490364730358,1842942.029943719506,0,null],[6816318.433842390776,1842898.639282465,0,null]]]},"fromNetworkSourceId":9,"fromGlobalId":"{12DA3BDE-B801-42BD-99D5-A9CC4F132968}","fromAssetGroupName":"Connection Point","fromTerminalId":1,"fromGeometry":{"x":6816245.690221473575,"y":1843044.126196220517,"z":0,"m":null},"toNetworkSourceId":9,"toGlobalId":"{BC13D7A8-5418-4C4C-844D-ABEEC43B22A2}","toAssetGroupName":"Connection Point","toTerminalId":1,"toGeometry":{"x":6816318.433842390776,"y":1842898.639282465,"z":0,"m":null}},{"viaNetworkSourceId":7,"viaGlobalId":"{C440D53E-833D-466E-8DF8-160C0DC388DA}","viaAssetGroupName":"Low Voltage","viaGeometry":{"hasZ":true,"hasM":true,"paths":[[[6815946.0382617265,1843672.782419219613,0,null],[6815950.88798956573,1843522.701354548335,0,null],[6815953.440477892756,1843350.414297550917,0,null]]]},"fromNetworkSourceId":9,"fromGlobalId":"{155BC438-029D-464E-83CF-6D7898C1AE05}","fromAssetGroupName":"Connection Point","fromTerminalId":1,"fromGeometry":{"x":6815950.88798956573,"y":1843522.701354548335,"z":0,"m":null},"toNetworkSourceId":9,"toGlobalId":"{EA854CD8-F510-4129-8073-EB41BB9629CB}","toAssetGroupName":"Connection Point","toTerminalId":1,"toGeometry":{"x":6815953.440477892756,"y":1843350.414297550917,"z":0,"m":null}},{"viaNetworkSourceId":7,"viaGlobalId":"{285562E4-AB74-4FF1-9739-521DB23D45F2}","viaAssetGroupName":"Low Voltage","viaGeometry":{"hasZ":true,"hasM":true,"paths":[[[6816244.413977310061,1843195.994002714753,0,null],[6816245.690221473575,1843044.126196220517,0,null]]]},"fromNetworkSourceId":9,"fromGlobalId":"{B6FA6D95-13A4-48BE-8712-A6C3068DDF57}","fromAssetGroupName":"Connection Point","fromTerminalId":1,"fromGeometry":{"x":6816244.413977310061,"y":1843195.994002714753,"z":0,"m":null},"toNetworkSourceId":9,"toGlobalId":"{12DA3BDE-B801-42BD-99D5-A9CC4F132968}","toAssetGroupName":"Connection Point","toTerminalId":1,"toGeometry":{"x":6816245.690221473575,"y":1843044.126196220517,"z":0,"m":null}},{"viaNetworkSourceId":7,"viaGlobalId":"{22A202DA-0725-403D-ADC1-BB5250F2BA05}","viaAssetGroupName":"Low Voltage","viaGeometry":{"hasZ":true,"hasM":true,"paths":[[[6815953.440477892756,1843350.414297550917,0,null],[6815955.992638140917,1843206.203627958894,0,null],[6815957.268882319331,1843079.859720543,0,null]]]},"fromNetworkSourceId":9,"fromGlobalId":"{6F665160-4249-4227-9376-7D5235F78F9F}","fromAssetGroupName":"Connection Point","fromTerminalId":1,"fromGeometry":{"x":6815955.992638140917,"y":1843206.203627958894,"z":0,"m":null},"toNetworkSourceId":9,"toGlobalId":"{33EF1143-FA6E-48FA-93DD-858AFBC67D54}","toAssetGroupName":"Connection Point","toTerminalId":1,"toGeometry":{"x":6815957.268882319331,"y":1843079.859720543,"z":0,"m":null}},{"viaNetworkSourceId":7,"viaGlobalId":"{22A202DA-0725-403D-ADC1-BB5250F2BA05}","viaAssetGroupName":"Low Voltage","viaGeometry":{"hasZ":true,"hasM":true,"paths":[[[6815953.440477892756,1843350.414297550917,0,null],[6815955.992638140917,1843206.203627958894,0,null],[6815957.268882319331,1843079.859720543,0,null]]]},"fromNetworkSourceId":9,"fromGlobalId":"{EA854CD8-F510-4129-8073-EB41BB9629CB}","fromAssetGroupName":"Connection Point","fromTerminalId":1,"fromGeometry":{"x":6815953.440477892756,"y":1843350.414297550917,"z":0,"m":null},"toNetworkSourceId":9,"toGlobalId":"{6F665160-4249-4227-9376-7D5235F78F9F}","toAssetGroupName":"Connection Point","toTerminalId":1,"toGeometry":{"x":6815955.992638140917,"y":1843206.203627958894,"z":0,"m":null}},{"viaNetworkSourceId":7,"viaGlobalId":"{08FB1D3D-0D2D-47E0-8EE4-0BB8F5D62872}","viaAssetGroupName":"Low Voltage","viaGeometry":{"hasZ":true,"hasM":true,"paths":[[[6815953.440477892756,1843350.414297550917,0,null],[6816241.8618170619,1843355.5189461261,0,null]]]},"fromNetworkSourceId":9,"fromGlobalId":"{EA854CD8-F510-4129-8073-EB41BB9629CB}","fromAssetGroupName":"Connection Point","fromTerminalId":1,"fromGeometry":{"x":6815953.440477892756,"y":1843350.414297550917,"z":0,"m":null},"toNetworkSourceId":9,"toGlobalId":"{AC919A92-CD35-4586-B9A5-E525749B22E9}","toAssetGroupName":"Connection Point","toTerminalId":1,"toGeometry":{"x":6816241.8618170619,"y":1843355.5189461261,"z":0,"m":null}},{"viaNetworkSourceId":7,"viaGlobalId":"{C440D53E-833D-466E-8DF8-160C0DC388DA}","viaAssetGroupName":"Low Voltage","viaGeometry":{"hasZ":true,"hasM":true,"paths":[[[6815946.0382617265,1843672.782419219613,0,null],[6815950.88798956573,1843522.701354548335,0,null],[6815953.440477892756,1843350.414297550917,0,null]]]},"fromNetworkSourceId":6,"fromGlobalId":"{5F396092-90DD-4E07-8C7D-2FB8480771C1}","fromAssetGroupName":"Transformer","fromTerminalId":5,"fromGeometry":{"x":6815946.0382617265,"y":1843672.782419219613,"z":0,"m":null},"toNetworkSourceId":9,"toGlobalId":"{155BC438-029D-464E-83CF-6D7898C1AE05}","toAssetGroupName":"Connection Point","toTerminalId":1,"toGeometry":{"x":6815950.88798956573,"y":1843522.701354548335,"z":0,"m":null}},{"viaNetworkSourceId":7,"viaGlobalId":"{24EC2CAA-A757-423E-91DC-4FEB1D2B37FB}","viaAssetGroupName":"Low Voltage","viaGeometry":{"hasZ":true,"hasM":true,"paths":[[[6816241.8618170619,1843355.5189461261,0,null],[6816244.413977310061,1843195.994002714753,0,null]]]},"fromNetworkSourceId":9,"fromGlobalId":"{AC919A92-CD35-4586-B9A5-E525749B22E9}","fromAssetGroupName":"Connection Point","fromTerminalId":1,"fromGeometry":{"x":6816241.8618170619,"y":1843355.5189461261,"z":0,"m":null},"toNetworkSourceId":9,"toGlobalId":"{B6FA6D95-13A4-48BE-8712-A6C3068DDF57}","toAssetGroupName":"Connection Point","toTerminalId":1,"toGeometry":{"x":6816244.413977310061,"y":1843195.994002714753,"z":0,"m":null}},{"viaNetworkSourceId":7,"viaGlobalId":"{39C59B8C-089C-4122-B0A0-787AAA81A0A5}","viaAssetGroupName":"Low Voltage","viaGeometry":{"hasZ":true,"hasM":true,"paths":[[[6815953.440477892756,1843350.414297550917,0,null],[6815799.020183056593,1843353.2217066288,0,null],[6815718.619425222278,1843338.928428128362,0,null]]]},"fromNetworkSourceId":9,"fromGlobalId":"{EA854CD8-F510-4129-8073-EB41BB9629CB}","fromAssetGroupName":"Connection Point","fromTerminalId":1,"fromGeometry":{"x":6815953.440477892756,"y":1843350.414297550917,"z":0,"m":null},"toNetworkSourceId":9,"toGlobalId":"{F790F99C-CF07-4E1E-9243-665378A19043}","toAssetGroupName":"Connection Point","toTerminalId":1,"toGeometry":{"x":6815718.619425222278,"y":1843338.928428128362,"z":0,"m":null}}],"controllers":[{"networkSourceId":6,"globalId":"{5F396092-90DD-4E07-8C7D-2FB8480771C1}","assetGroupName":"Transformer","terminalId":5,"geometry":{"x":6815946.0382617265,"y":1843672.782419219613,"z":0,"m":null}}]}