<metadata xml:lang="en"><Esri><CreaDate>20171113</CreaDate><CreaTime>10492700</CreaTime><ArcGISFormat>1.0</ArcGISFormat><SyncOnce>FALSE</SyncOnce><DataProperties><lineage><Process ToolSource="c:\arcgis\Resources\ArcToolbox\toolboxes\Data Management Tools.tbx\AddField" Date="20171113" Time="104927">AddField C:\Users\dev7774\AppData\Local\Temp\UN131550721302368968\UN\un_owner_user.sde\ElectricDistributionDevice LABELTEXT String 0 0 256 "Label Text" NULLABLE NON_REQUIRED #</Process><Process ToolSource="c:\arcgis\Resources\ArcToolbox\toolboxes\Data Management Tools.tbx\AddField" Date="20171113" Time="104931">AddField C:\Users\dev7774\AppData\Local\Temp\UN131550721302368968\UN\un_owner_user.sde\ElectricDistributionDevice DEVICESTATUS SmallInteger 0 0 2 "Device Status" NON_NULLABLE NON_REQUIRED #</Process><Process ToolSource="c:\arcgis\Resources\ArcToolbox\toolboxes\Data Management Tools.tbx\AddField" Date="20171113" Time="104936">AddField C:\Users\dev7774\AppData\Local\Temp\UN131550721302368968\UN\un_owner_user.sde\ElectricDistributionDevice PHASESBUILT SmallInteger 0 0 2 "Phases Built" NON_NULLABLE NON_REQUIRED #</Process><Process ToolSource="c:\arcgis\Resources\ArcToolbox\toolboxes\Data Management Tools.tbx\AddField" Date="20171113" Time="104940">AddField C:\Users\dev7774\AppData\Local\Temp\UN131550721302368968\UN\un_owner_user.sde\ElectricDistributionDevice PHASESNORMAL SmallInteger 0 0 2 "Phases Normal" NON_NULLABLE NON_REQUIRED #</Process><Process ToolSource="c:\arcgis\Resources\ArcToolbox\toolboxes\Data Management Tools.tbx\AddField" Date="20171113" Time="104945">AddField C:\Users\dev7774\AppData\Local\Temp\UN131550721302368968\UN\un_owner_user.sde\ElectricDistributionDevice PHASESCURRENT SmallInteger 0 0 2 "Phases Current" NON_NULLABLE NON_REQUIRED #</Process><Process ToolSource="c:\arcgis\Resources\ArcToolbox\toolboxes\Data Management Tools.tbx\AddSubtype" Date="20171113" Time="104950">AddSubtype C:\Users\dev7774\AppData\Local\Temp\UN131550721302368968\UN\un_owner_user.sde\ElectricDistributionDevice 1 "Circuit Breaker"</Process><Process ToolSource="c:\arcgis\Resources\ArcToolbox\toolboxes\Data Management Tools.tbx\AddSubtype" Date="20171113" Time="104954">AddSubtype C:\Users\dev7774\AppData\Local\Temp\UN131550721302368968\UN\un_owner_user.sde\ElectricDistributionDevice 2 Fuse</Process><Process ToolSource="c:\arcgis\Resources\ArcToolbox\toolboxes\Data Management Tools.tbx\AddSubtype" Date="20171113" Time="104959">AddSubtype C:\Users\dev7774\AppData\Local\Temp\UN131550721302368968\UN\un_owner_user.sde\ElectricDistributionDevice 3 Generation</Process><Process ToolSource="c:\arcgis\Resources\ArcToolbox\toolboxes\Data Management Tools.tbx\AddSubtype" Date="20171113" Time="105003">AddSubtype C:\Users\dev7774\AppData\Local\Temp\UN131550721302368968\UN\un_owner_user.sde\ElectricDistributionDevice 4 "Service Point"</Process><Process ToolSource="c:\arcgis\Resources\ArcToolbox\toolboxes\Data Management Tools.tbx\AddSubtype" Date="20171113" Time="105008">AddSubtype C:\Users\dev7774\AppData\Local\Temp\UN131550721302368968\UN\un_owner_user.sde\ElectricDistributionDevice 5 "Street Light"</Process><Process ToolSource="c:\arcgis\Resources\ArcToolbox\toolboxes\Data Management Tools.tbx\AddSubtype" Date="20171113" Time="105013">AddSubtype C:\Users\dev7774\AppData\Local\Temp\UN131550721302368968\UN\un_owner_user.sde\ElectricDistributionDevice 6 Switch</Process><Process ToolSource="c:\arcgis\Resources\ArcToolbox\toolboxes\Data Management Tools.tbx\AddSubtype" Date="20171113" Time="105018">AddSubtype C:\Users\dev7774\AppData\Local\Temp\UN131550721302368968\UN\un_owner_user.sde\ElectricDistributionDevice 7 Transformer</Process><Process ToolSource="c:\arcgis\Resources\ArcToolbox\toolboxes\Data Management Tools.tbx\AssignDomainToField" Date="20171113" Time="105022">AssignDomainToField C:\Users\dev7774\AppData\Local\Temp\UN131550721302368968\UN\un_owner_user.sde\ElectricDistributionDevice ASSETTYPE EsriCoOp_6_UnknownAssetType #</Process><Process ToolSource="c:\arcgis\Resources\ArcToolbox\toolboxes\Data Management Tools.tbx\AssignDomainToField" Date="20171113" Time="105033">AssignDomainToField C:\Users\dev7774\AppData\Local\Temp\UN131550721302368968\UN\un_owner_user.sde\ElectricDistributionDevice ASSETTYPE ElectricDistributionDeviceCircuitBreakerAssetType #</Process><Process ToolSource="c:\arcgis\Resources\ArcToolbox\toolboxes\Data Management Tools.tbx\AssignDomainToField" Date="20171113" Time="105038">AssignDomainToField C:\Users\dev7774\AppData\Local\Temp\UN131550721302368968\UN\un_owner_user.sde\ElectricDistributionDevice ASSETTYPE ElectricDistributionDeviceCircuitBreakerAssetType 1</Process><Process ToolSource="c:\arcgis\Resources\ArcToolbox\toolboxes\Data Management Tools.tbx\AssignDomainToField" Date="20171113" Time="105042">AssignDomainToField C:\Users\dev7774\AppData\Local\Temp\UN131550721302368968\UN\un_owner_user.sde\ElectricDistributionDevice ASSETTYPE ElectricDistributionDeviceFuseAssetType #</Process><Process ToolSource="c:\arcgis\Resources\ArcToolbox\toolboxes\Data Management Tools.tbx\AssignDomainToField" Date="20171113" Time="105047">AssignDomainToField C:\Users\dev7774\AppData\Local\Temp\UN131550721302368968\UN\un_owner_user.sde\ElectricDistributionDevice ASSETTYPE ElectricDistributionDeviceFuseAssetType 2</Process><Process ToolSource="c:\arcgis\Resources\ArcToolbox\toolboxes\Data Management Tools.tbx\AssignDomainToField" Date="20171113" Time="105052">AssignDomainToField C:\Users\dev7774\AppData\Local\Temp\UN131550721302368968\UN\un_owner_user.sde\ElectricDistributionDevice ASSETTYPE ElectricDistributionDeviceGenerationAssetType #</Process><Process ToolSource="c:\arcgis\Resources\ArcToolbox\toolboxes\Data Management Tools.tbx\AssignDomainToField" Date="20171113" Time="105057">AssignDomainToField C:\Users\dev7774\AppData\Local\Temp\UN131550721302368968\UN\un_owner_user.sde\ElectricDistributionDevice ASSETTYPE ElectricDistributionDeviceGenerationAssetType 3</Process><Process ToolSource="c:\arcgis\Resources\ArcToolbox\toolboxes\Data Management Tools.tbx\AssignDomainToField" Date="20171113" Time="105102">AssignDomainToField C:\Users\dev7774\AppData\Local\Temp\UN131550721302368968\UN\un_owner_user.sde\ElectricDistributionDevice ASSETTYPE ElectricDistributionDeviceServicePointAssetType #</Process><Process ToolSource="c:\arcgis\Resources\ArcToolbox\toolboxes\Data Management Tools.tbx\AssignDomainToField" Date="20171113" Time="105106">AssignDomainToField C:\Users\dev7774\AppData\Local\Temp\UN131550721302368968\UN\un_owner_user.sde\ElectricDistributionDevice ASSETTYPE ElectricDistributionDeviceServicePointAssetType 4</Process><Process ToolSource="c:\arcgis\Resources\ArcToolbox\toolboxes\Data Management Tools.tbx\AssignDomainToField" Date="20171113" Time="105111">AssignDomainToField C:\Users\dev7774\AppData\Local\Temp\UN131550721302368968\UN\un_owner_user.sde\ElectricDistributionDevice ASSETTYPE ElectricDistributionDeviceStreetLightAssetType #</Process><Process ToolSource="c:\arcgis\Resources\ArcToolbox\toolboxes\Data Management Tools.tbx\AssignDomainToField" Date="20171113" Time="105116">AssignDomainToField C:\Users\dev7774\AppData\Local\Temp\UN131550721302368968\UN\un_owner_user.sde\ElectricDistributionDevice ASSETTYPE ElectricDistributionDeviceStreetLightAssetType 5</Process><Process ToolSource="c:\arcgis\Resources\ArcToolbox\toolboxes\Data Management Tools.tbx\AssignDomainToField" Date="20171113" Time="105121">AssignDomainToField C:\Users\dev7774\AppData\Local\Temp\UN131550721302368968\UN\un_owner_user.sde\ElectricDistributionDevice ASSETTYPE ElectricDistributionDeviceSwitchAssetType #</Process><Process ToolSource="c:\arcgis\Resources\ArcToolbox\toolboxes\Data Management Tools.tbx\AssignDomainToField" Date="20171113" Time="105126">AssignDomainToField C:\Users\dev7774\AppData\Local\Temp\UN131550721302368968\UN\un_owner_user.sde\ElectricDistributionDevice ASSETTYPE ElectricDistributionDeviceSwitchAssetType 6</Process><Process ToolSource="c:\arcgis\Resources\ArcToolbox\toolboxes\Data Management Tools.tbx\AssignDomainToField" Date="20171113" Time="105130">AssignDomainToField C:\Users\dev7774\AppData\Local\Temp\UN131550721302368968\UN\un_owner_user.sde\ElectricDistributionDevice ASSETTYPE ElectricDistributionDeviceTransformerAssetType #</Process><Process ToolSource="c:\arcgis\Resources\ArcToolbox\toolboxes\Data Management Tools.tbx\AssignDomainToField" Date="20171113" Time="105135">AssignDomainToField C:\Users\dev7774\AppData\Local\Temp\UN131550721302368968\UN\un_owner_user.sde\ElectricDistributionDevice ASSETTYPE ElectricDistributionDeviceTransformerAssetType 7</Process><Process ToolSource="c:\arcgis\Resources\ArcToolbox\toolboxes\Data Management Tools.tbx\AssignDefaultToField" Date="20171113" Time="105140">AssignDefaultToField C:\Users\dev7774\AppData\Local\Temp\UN131550721302368968\UN\un_owner_user.sde\ElectricDistributionDevice ASSETTYPE 0 # false</Process><Process ToolSource="c:\arcgis\Resources\ArcToolbox\toolboxes\Data Management Tools.tbx\AssignDefaultToField" Date="20171113" Time="105145">AssignDefaultToField C:\Users\dev7774\AppData\Local\Temp\UN131550721302368968\UN\un_owner_user.sde\ElectricDistributionDevice ASSETTYPE 0 0 false</Process><Process ToolSource="c:\arcgis\Resources\ArcToolbox\toolboxes\Data Management Tools.tbx\AssignDefaultToField" Date="20171113" Time="105149">AssignDefaultToField C:\Users\dev7774\AppData\Local\Temp\UN131550721302368968\UN\un_owner_user.sde\ElectricDistributionDevice ASSETTYPE 1 # false</Process><Process ToolSource="c:\arcgis\Resources\ArcToolbox\toolboxes\Data Management Tools.tbx\AssignDefaultToField" Date="20171113" Time="105154">AssignDefaultToField C:\Users\dev7774\AppData\Local\Temp\UN131550721302368968\UN\un_owner_user.sde\ElectricDistributionDevice ASSETTYPE 1 1;2;3;4;5;6;7 false</Process><Process ToolSource="c:\arcgis\Resources\ArcToolbox\toolboxes\Data Management Tools.tbx\AssignDefaultToField" Date="20171113" Time="105159">AssignDefaultToField C:\Users\dev7774\AppData\Local\Temp\UN131550721302368968\UN\un_owner_user.sde\ElectricDistributionDevice TIERRANK 0 # false</Process><Process ToolSource="c:\arcgis\Resources\ArcToolbox\toolboxes\Data Management Tools.tbx\AssignDefaultToField" Date="20171113" Time="105204">AssignDefaultToField C:\Users\dev7774\AppData\Local\Temp\UN131550721302368968\UN\un_owner_user.sde\ElectricDistributionDevice TIERRANK 0 0;1;2;3;4;5;6;7 false</Process><Process ToolSource="c:\arcgis\Resources\ArcToolbox\toolboxes\Data Management Tools.tbx\AssignDomainToField" Date="20171113" Time="105209">AssignDomainToField C:\Users\dev7774\AppData\Local\Temp\UN131550721302368968\UN\un_owner_user.sde\ElectricDistributionDevice DEVICESTATUS ElectricDistributionDeviceStatus #</Process><Process ToolSource="c:\arcgis\Resources\ArcToolbox\toolboxes\Data Management Tools.tbx\AssignDomainToField" Date="20171113" Time="105214">AssignDomainToField C:\Users\dev7774\AppData\Local\Temp\UN131550721302368968\UN\un_owner_user.sde\ElectricDistributionDevice DEVICESTATUS ElectricDistributionDeviceStatus 0;1;2;3;4;5;6;7</Process><Process ToolSource="c:\arcgis\Resources\ArcToolbox\toolboxes\Data Management Tools.tbx\AssignDefaultToField" Date="20171113" Time="105218">AssignDefaultToField C:\Users\dev7774\AppData\Local\Temp\UN131550721302368968\UN\un_owner_user.sde\ElectricDistributionDevice DEVICESTATUS 2 # false</Process><Process ToolSource="c:\arcgis\Resources\ArcToolbox\toolboxes\Data Management Tools.tbx\AssignDefaultToField" Date="20171113" Time="105223">AssignDefaultToField C:\Users\dev7774\AppData\Local\Temp\UN131550721302368968\UN\un_owner_user.sde\ElectricDistributionDevice DEVICESTATUS 2 0;1;2;3;4;5;6;7 false</Process><Process ToolSource="c:\arcgis\Resources\ArcToolbox\toolboxes\Data Management Tools.tbx\AssignDomainToField" Date="20171113" Time="105228">AssignDomainToField C:\Users\dev7774\AppData\Local\Temp\UN131550721302368968\UN\un_owner_user.sde\ElectricDistributionDevice PHASESBUILT ElectricDistributionPhaseAttribution #</Process><Process ToolSource="c:\arcgis\Resources\ArcToolbox\toolboxes\Data Management Tools.tbx\AssignDomainToField" Date="20171113" Time="105233">AssignDomainToField C:\Users\dev7774\AppData\Local\Temp\UN131550721302368968\UN\un_owner_user.sde\ElectricDistributionDevice PHASESBUILT ElectricDistributionPhaseAttribution 0;1;2;3;4;5;6;7</Process><Process ToolSource="c:\arcgis\Resources\ArcToolbox\toolboxes\Data Management Tools.tbx\AssignDefaultToField" Date="20171113" Time="105238">AssignDefaultToField C:\Users\dev7774\AppData\Local\Temp\UN131550721302368968\UN\un_owner_user.sde\ElectricDistributionDevice PHASESBUILT 16 # false</Process><Process ToolSource="c:\arcgis\Resources\ArcToolbox\toolboxes\Data Management Tools.tbx\AssignDefaultToField" Date="20171113" Time="105243">AssignDefaultToField C:\Users\dev7774\AppData\Local\Temp\UN131550721302368968\UN\un_owner_user.sde\ElectricDistributionDevice PHASESBUILT 16 0 false</Process><Process ToolSource="c:\arcgis\Resources\ArcToolbox\toolboxes\Data Management Tools.tbx\AssignDefaultToField" Date="20171113" Time="105247">AssignDefaultToField C:\Users\dev7774\AppData\Local\Temp\UN131550721302368968\UN\un_owner_user.sde\ElectricDistributionDevice PHASESBUILT 7 # false</Process><Process ToolSource="c:\arcgis\Resources\ArcToolbox\toolboxes\Data Management Tools.tbx\AssignDefaultToField" Date="20171113" Time="105252">AssignDefaultToField C:\Users\dev7774\AppData\Local\Temp\UN131550721302368968\UN\un_owner_user.sde\ElectricDistributionDevice PHASESBUILT 7 1;2;3;4;5;6;7 false</Process><Process ToolSource="c:\arcgis\Resources\ArcToolbox\toolboxes\Data Management Tools.tbx\AssignDomainToField" Date="20171113" Time="105257">AssignDomainToField C:\Users\dev7774\AppData\Local\Temp\UN131550721302368968\UN\un_owner_user.sde\ElectricDistributionDevice PHASESNORMAL ElectricDistributionPhaseAttribution #</Process><Process ToolSource="c:\arcgis\Resources\ArcToolbox\toolboxes\Data Management Tools.tbx\AssignDomainToField" Date="20171113" Time="105302">AssignDomainToField C:\Users\dev7774\AppData\Local\Temp\UN131550721302368968\UN\un_owner_user.sde\ElectricDistributionDevice PHASESNORMAL ElectricDistributionPhaseAttribution 0;1;2;3;4;5;6;7</Process><Process ToolSource="c:\arcgis\Resources\ArcToolbox\toolboxes\Data Management Tools.tbx\AssignDefaultToField" Date="20171113" Time="105307">AssignDefaultToField C:\Users\dev7774\AppData\Local\Temp\UN131550721302368968\UN\un_owner_user.sde\ElectricDistributionDevice PHASESNORMAL 16 # false</Process><Process ToolSource="c:\arcgis\Resources\ArcToolbox\toolboxes\Data Management Tools.tbx\AssignDefaultToField" Date="20171113" Time="105311">AssignDefaultToField C:\Users\dev7774\AppData\Local\Temp\UN131550721302368968\UN\un_owner_user.sde\ElectricDistributionDevice PHASESNORMAL 16 0 false</Process><Process ToolSource="c:\arcgis\Resources\ArcToolbox\toolboxes\Data Management Tools.tbx\AssignDefaultToField" Date="20171113" Time="105316">AssignDefaultToField C:\Users\dev7774\AppData\Local\Temp\UN131550721302368968\UN\un_owner_user.sde\ElectricDistributionDevice PHASESNORMAL 7 # false</Process><Process ToolSource="c:\arcgis\Resources\ArcToolbox\toolboxes\Data Management Tools.tbx\AssignDefaultToField" Date="20171113" Time="105321">AssignDefaultToField C:\Users\dev7774\AppData\Local\Temp\UN131550721302368968\UN\un_owner_user.sde\ElectricDistributionDevice PHASESNORMAL 7 1;2;3;4;5;6;7 false</Process><Process ToolSource="c:\arcgis\Resources\ArcToolbox\toolboxes\Data Management Tools.tbx\AssignDomainToField" Date="20171113" Time="105326">AssignDomainToField C:\Users\dev7774\AppData\Local\Temp\UN131550721302368968\UN\un_owner_user.sde\ElectricDistributionDevice PHASESCURRENT ElectricDistributionPhaseAttribution #</Process><Process ToolSource="c:\arcgis\Resources\ArcToolbox\toolboxes\Data Management Tools.tbx\AssignDomainToField" Date="20171113" Time="105331">AssignDomainToField C:\Users\dev7774\AppData\Local\Temp\UN131550721302368968\UN\un_owner_user.sde\ElectricDistributionDevice PHASESCURRENT ElectricDistributionPhaseAttribution 0;1;2;3;4;5;6;7</Process><Process ToolSource="c:\arcgis\Resources\ArcToolbox\toolboxes\Data Management Tools.tbx\AssignDefaultToField" Date="20171113" Time="105336">AssignDefaultToField C:\Users\dev7774\AppData\Local\Temp\UN131550721302368968\UN\un_owner_user.sde\ElectricDistributionDevice PHASESCURRENT 16 # false</Process><Process ToolSource="c:\arcgis\Resources\ArcToolbox\toolboxes\Data Management Tools.tbx\AssignDefaultToField" Date="20171113" Time="105340">AssignDefaultToField C:\Users\dev7774\AppData\Local\Temp\UN131550721302368968\UN\un_owner_user.sde\ElectricDistributionDevice PHASESCURRENT 16 0 false</Process><Process ToolSource="c:\arcgis\Resources\ArcToolbox\toolboxes\Data Management Tools.tbx\AssignDefaultToField" Date="20171113" Time="105345">AssignDefaultToField C:\Users\dev7774\AppData\Local\Temp\UN131550721302368968\UN\un_owner_user.sde\ElectricDistributionDevice PHASESCURRENT 7 # false</Process><Process ToolSource="c:\arcgis\Resources\ArcToolbox\toolboxes\Data Management Tools.tbx\AssignDefaultToField" Date="20171113" Time="105350">AssignDefaultToField C:\Users\dev7774\AppData\Local\Temp\UN131550721302368968\UN\un_owner_user.sde\ElectricDistributionDevice PHASESCURRENT 7 1;2;3;4;5;6;7 false</Process><Process ToolSource="c:\arcgis\Resources\ArcToolbox\toolboxes\Data Management Tools.tbx\Append" Date="20171113" Time="111159">Append C:\Users\dev7774\AppData\Local\Temp\UN131550721528462724\UN\UN\UNExport.gdb\ElectricDistributionDevice C:\Users\dev7774\AppData\Local\Temp\UN131550721302368968\UN\un_owner_user.sde\QS10085.UNADMIN.EsriCoOp\QS10085.UNADMIN.ElectricDistributionDevice "Use the Field Map to reconcile schema differences" "ASSETGROUP "Asset group" true false true 4 Long 0 10,First,#,C:\Users\dev7774\AppData\Local\Temp\UN131550721528462724\UN\UN\UNExport.gdb\ElectricDistributionDevice,ASSETGROUP,-1,-1;ASSETTYPE "Asset type" true false true 2 Short 0 5,First,#,C:\Users\dev7774\AppData\Local\Temp\UN131550721528462724\UN\UN\UNExport.gdb\ElectricDistributionDevice,ASSETTYPE,-1,-1;TERMINALCONFIGURATION "Terminal configuration" true false true 128 Text 0 0,First,#,C:\Users\dev7774\AppData\Local\Temp\UN131550721528462724\UN\UN\UNExport.gdb\ElectricDistributionDevice,TERMINALCONFIGURATION,0,128;GLOBALID "Global ID" false false true 38 GlobalID 0 0,First,#,C:\Users\dev7774\AppData\Local\Temp\UN131550721528462724\UN\UN\UNExport.gdb\ElectricDistributionDevice,GLOBALID,-1,-1;LABELTEXT "Label Text" true true false 256 Text 0 0,First,#,C:\Users\dev7774\AppData\Local\Temp\UN131550721528462724\UN\UN\UNExport.gdb\ElectricDistributionDevice,LABELTEXT,0,256;DEVICESTATUS "Device Status" true false false 2 Short 0 5,First,#,C:\Users\dev7774\AppData\Local\Temp\UN131550721528462724\UN\UN\UNExport.gdb\ElectricDistributionDevice,DEVICESTATUS,-1,-1;PHASESBUILT "Phases Built" true false false 2 Short 0 5,First,#,C:\Users\dev7774\AppData\Local\Temp\UN131550721528462724\UN\UN\UNExport.gdb\ElectricDistributionDevice,PHASESBUILT,-1,-1;PHASESNORMAL "Phases Normal" true false false 2 Short 0 5,First,#,C:\Users\dev7774\AppData\Local\Temp\UN131550721528462724\UN\UN\UNExport.gdb\ElectricDistributionDevice,PHASESNORMAL,-1,-1;PHASESCURRENT "Phases Current" true false false 2 Short 0 5,First,#,C:\Users\dev7774\AppData\Local\Temp\UN131550721528462724\UN\UN\UNExport.gdb\ElectricDistributionDevice,PHASESCURRENT,-1,-1" #</Process><Process ToolSource="c:\arcgis\Resources\ArcToolbox\toolboxes\Data Management Tools.tbx\AddSpatialIndex" Date="20171113" Time="111207">AddSpatialIndex C:\Users\dev7774\AppData\Local\Temp\UN131550721302368968\UN\un_owner_user.sde\QS10085.UNADMIN.EsriCoOp\QS10085.UNADMIN.ElectricDistributionDevice 0 0 0</Process><Process ToolSource="c:\arcgis\Resources\ArcToolbox\Toolboxes\Data Management Tools.tbx\AddField" Date="20171113" Time="111807">AddField "CIMDATA=&lt;CIMFeatureDatasetDataConnection xsi:type='typens:CIMFeatureDatasetDataConnection' xmlns:xsi='http://www.w3.org/2001/XMLSchema-instance' xmlns:xs='http://www.w3.org/2001/XMLSchema' xmlns:typens='http://www.esri.com/schemas/ArcGIS/2.1.0'&gt;&lt;FeatureDataset&gt;QS10085.UNADMIN.EsriCoOp&lt;/FeatureDataset&gt;&lt;WorkspaceConnectionString&gt;ENCRYPTED_PASSWORD=00022e68426f2f7a626c707533335474496a444b31503147382b4b6e7a51724b4248686164795432614a51636c68343d2a00;SERVER=doliver;INSTANCE=sde:sqlserver:doliver;DBCLIENT=sqlserver;DB_CONNECTION_PROPERTIES=doliver;DATABASE=QS10085;USER=unadmin;AUTHENTICATION_MODE=DBMS;BRANCH=sde.DEFAULT&lt;/WorkspaceConnectionString&gt;&lt;WorkspaceFactory&gt;SDE&lt;/WorkspaceFactory&gt;&lt;Dataset&gt;QS10085.UNADMIN.ElectricDistributionDevice&lt;/Dataset&gt;&lt;DatasetType&gt;esriDTFeatureClass&lt;/DatasetType&gt;&lt;/CIMFeatureDatasetDataConnection&gt;" MYPHASESCURRENT "Short (small integer)" 5 # # "My Phases Current" NULLABLE NON_REQUIRED ElectricDistributionPhaseAttribution</Process><Process ToolSource="c:\arcgis\Resources\ArcToolbox\Toolboxes\Data Management Tools.tbx\AddField" Date="20171113" Time="111913">AddField "CIMDATA=&lt;CIMFeatureDatasetDataConnection xsi:type='typens:CIMFeatureDatasetDataConnection' xmlns:xsi='http://www.w3.org/2001/XMLSchema-instance' xmlns:xs='http://www.w3.org/2001/XMLSchema' xmlns:typens='http://www.esri.com/schemas/ArcGIS/2.1.0'&gt;&lt;FeatureDataset&gt;QS10085.UNADMIN.EsriCoOp&lt;/FeatureDataset&gt;&lt;WorkspaceConnectionString&gt;ENCRYPTED_PASSWORD=00022e68426f2f7a626c707533335474496a444b31503147382b4b6e7a51724b4248686164795432614a51636c68343d2a00;SERVER=doliver;INSTANCE=sde:sqlserver:doliver;DBCLIENT=sqlserver;DB_CONNECTION_PROPERTIES=doliver;DATABASE=QS10085;USER=unadmin;AUTHENTICATION_MODE=DBMS;BRANCH=sde.DEFAULT&lt;/WorkspaceConnectionString&gt;&lt;WorkspaceFactory&gt;SDE&lt;/WorkspaceFactory&gt;&lt;Dataset&gt;QS10085.UNADMIN.ElectricDistributionDevice&lt;/Dataset&gt;&lt;DatasetType&gt;esriDTFeatureClass&lt;/DatasetType&gt;&lt;/CIMFeatureDatasetDataConnection&gt;" PHASESSUBSTITUTED "Long (large integer)" 10 # # "Phases Substituted" NULLABLE NON_REQUIRED #</Process><Process ToolSource="c:\arcgis\Resources\ArcToolbox\toolboxes\Data Management Tools.tbx\CopyFeatures" Date="20180102" Time="154618">CopyFeatures C:\Users\dev7774\Documents\ArcGIS\Projects\QS10085\unadmin@QS10085-QuickStart.sde\QS10085.UNADMIN.EsriCoOp\QS10085.UNADMIN.ElectricDistributionDevice C:\temp\GISCup2018Data\QS10085Shapefiles\ElectricDistributionDevice.shp # # # #</Process></lineage><itemProps><itemName Sync="TRUE">ElectricDistributionDevice</itemName><imsContentType Sync="TRUE">002</imsContentType><itemSize Sync="TRUE">0.000</itemSize><itemLocation><linkage Sync="TRUE">file://\\DOLIVER\C$\temp\GISCup2018Data\QS10085Shapefiles\ElectricDistributionDevice.shp</linkage><protocol Sync="TRUE">Local Area Network</protocol></itemLocation></itemProps><coordRef><type Sync="TRUE">Projected</type><geogcsn Sync="TRUE">GCS_NAD_1983_NSRS2007</geogcsn><csUnits Sync="TRUE">Linear Unit: Foot_US (0.304801)</csUnits><projcsn Sync="TRUE">NAD_1983_NSRS2007_StatePlane_California_V_FIPS_0405_Ft_US</projcsn><peXml Sync="TRUE">&lt;ProjectedCoordinateSystem xsi:type='typens:ProjectedCoordinateSystem' xmlns:xsi='http://www.w3.org/2001/XMLSchema-instance' xmlns:xs='http://www.w3.org/2001/XMLSchema' xmlns:typens='http://www.esri.com/schemas/ArcGIS/2.2.0'&gt;&lt;WKT&gt;PROJCS[&amp;quot;NAD_1983_NSRS2007_StatePlane_California_V_FIPS_0405_Ft_US&amp;quot;,GEOGCS[&amp;quot;GCS_NAD_1983_NSRS2007&amp;quot;,DATUM[&amp;quot;D_NAD_1983_NSRS2007&amp;quot;,SPHEROID[&amp;quot;GRS_1980&amp;quot;,6378137.0,298.257222101]],PRIMEM[&amp;quot;Greenwich&amp;quot;,0.0],UNIT[&amp;quot;Degree&amp;quot;,0.0174532925199433]],PROJECTION[&amp;quot;Lambert_Conformal_Conic&amp;quot;],PARAMETER[&amp;quot;False_Easting&amp;quot;,6561666.666666666],PARAMETER[&amp;quot;False_Northing&amp;quot;,1640416.666666667],PARAMETER[&amp;quot;Central_Meridian&amp;quot;,-118.0],PARAMETER[&amp;quot;Standard_Parallel_1&amp;quot;,34.03333333333333],PARAMETER[&amp;quot;Standard_Parallel_2&amp;quot;,35.46666666666667],PARAMETER[&amp;quot;Latitude_Of_Origin&amp;quot;,33.5],UNIT[&amp;quot;Foot_US&amp;quot;,0.3048006096012192],AUTHORITY[&amp;quot;EPSG&amp;quot;,3498]]&lt;/WKT&gt;&lt;XOrigin&gt;-117608900&lt;/XOrigin&gt;&lt;YOrigin&gt;-91881400&lt;/YOrigin&gt;&lt;XYScale&gt;36269466.692146368&lt;/XYScale&gt;&lt;ZOrigin&gt;-100000&lt;/ZOrigin&gt;&lt;ZScale&gt;10000&lt;/ZScale&gt;&lt;MOrigin&gt;-100000&lt;/MOrigin&gt;&lt;MScale&gt;10000&lt;/MScale&gt;&lt;XYTolerance&gt;0.0032808333333333331&lt;/XYTolerance&gt;&lt;ZTolerance&gt;0.001&lt;/ZTolerance&gt;&lt;MTolerance&gt;0.001&lt;/MTolerance&gt;&lt;HighPrecision&gt;true&lt;/HighPrecision&gt;&lt;WKID&gt;3498&lt;/WKID&gt;&lt;LatestWKID&gt;3498&lt;/LatestWKID&gt;&lt;/ProjectedCoordinateSystem&gt;</peXml></coordRef></DataProperties><SyncDate>20180102</SyncDate><SyncTime>15461800</SyncTime><ModDate>20180102</ModDate><ModTime>15461800</ModTime></Esri><dataIdInfo><envirDesc Sync="TRUE">Microsoft Windows 8 Version 6.2 (Build 9200) ; Esri ArcGIS 12.2.0.11333</envirDesc><dataLang><languageCode value="eng" Sync="TRUE"></languageCode><countryCode value="USA" Sync="TRUE"></countryCode></dataLang><idCitation><resTitle Sync="TRUE">ElectricDistributionDevice</resTitle><presForm><PresFormCd value="005" Sync="TRUE"></PresFormCd></presForm></idCitation><spatRpType><SpatRepTypCd value="001" Sync="TRUE"></SpatRepTypCd></spatRpType></dataIdInfo><mdLang><languageCode value="eng" Sync="TRUE"></languageCode><countryCode value="USA" Sync="TRUE"></countryCode></mdLang><distInfo><distFormat><formatName Sync="TRUE">Shapefile</formatName></distFormat><distTranOps><transSize Sync="TRUE">0.000</transSize></distTranOps></distInfo><mdHrLv><ScopeCd value="005" Sync="TRUE"></ScopeCd></mdHrLv><mdHrLvName Sync="TRUE">dataset</mdHrLvName><refSysInfo><RefSystem><refSysID><identCode code="3498" Sync="TRUE"></identCode><idCodeSpace Sync="TRUE">EPSG</idCodeSpace><idVersion Sync="TRUE">8.9.3(10.0.0)</idVersion></refSysID></RefSystem></refSysInfo><spatRepInfo><VectSpatRep><geometObjs Name="ElectricDistributionDevice"><geoObjTyp><GeoObjTypCd value="004" Sync="TRUE"></GeoObjTypCd></geoObjTyp><geoObjCnt Sync="TRUE">0</geoObjCnt></geometObjs><topLvl><TopoLevCd value="001" Sync="TRUE"></TopoLevCd></topLvl></VectSpatRep></spatRepInfo><spdoinfo><ptvctinf><esriterm Name="ElectricDistributionDevice"><efeatyp Sync="TRUE">Simple</efeatyp><efeageom code="1" Sync="TRUE"></efeageom><esritopo Sync="TRUE">FALSE</esritopo><efeacnt Sync="TRUE">0</efeacnt><spindex Sync="TRUE">FALSE</spindex><linrefer Sync="TRUE">TRUE</linrefer></esriterm></ptvctinf></spdoinfo><eainfo><detailed Name="ElectricDistributionDevice"><enttyp><enttypl Sync="TRUE">ElectricDistributionDevice</enttypl><enttypt Sync="TRUE">Feature Class</enttypt><enttypc Sync="TRUE">0</enttypc></enttyp><attr><attrlabl Sync="TRUE">FID</attrlabl><attalias Sync="TRUE">FID</attalias><attrtype Sync="TRUE">OID</attrtype><attwidth Sync="TRUE">4</attwidth><atprecis Sync="TRUE">0</atprecis><attscale Sync="TRUE">0</attscale><attrdef Sync="TRUE">Internal feature number.</attrdef><attrdefs Sync="TRUE">Esri</attrdefs><attrdomv><udom Sync="TRUE">Sequential unique whole numbers that are automatically generated.</udom></attrdomv></attr><attr><attrlabl Sync="TRUE">Shape</attrlabl><attalias Sync="TRUE">Shape</attalias><attrtype Sync="TRUE">Geometry</attrtype><attwidth Sync="TRUE">0</attwidth><atprecis Sync="TRUE">0</atprecis><attscale Sync="TRUE">0</attscale><attrdef Sync="TRUE">Feature geometry.</attrdef><attrdefs Sync="TRUE">Esri</attrdefs><attrdomv><udom Sync="TRUE">Coordinates defining the features.</udom></attrdomv></attr><attr><attrlabl Sync="TRUE">ASSETGROUP</attrlabl><attalias Sync="TRUE">ASSETGROUP</attalias><attrtype Sync="TRUE">Integer</attrtype><attwidth Sync="TRUE">10</attwidth><atprecis Sync="TRUE">10</atprecis><attscale Sync="TRUE">0</attscale></attr><attr><attrlabl Sync="TRUE">ASSETTYPE</attrlabl><attalias Sync="TRUE">ASSETTYPE</attalias><attrtype Sync="TRUE">Integer</attrtype><attwidth Sync="TRUE">5</attwidth><atprecis Sync="TRUE">5</atprecis><attscale Sync="TRUE">0</attscale></attr><attr><attrlabl Sync="TRUE">ASSOCIATIO</attrlabl><attalias Sync="TRUE">ASSOCIATIO</attalias><attrtype Sync="TRUE">Integer</attrtype><attwidth Sync="TRUE">5</attwidth><atprecis Sync="TRUE">5</atprecis><attscale Sync="TRUE">0</attscale></attr><attr><attrlabl Sync="TRUE">ISSUBNETWO</attrlabl><attalias Sync="TRUE">ISSUBNETWO</attalias><attrtype Sync="TRUE">Integer</attrtype><attwidth Sync="TRUE">5</attwidth><atprecis Sync="TRUE">5</atprecis><attscale Sync="TRUE">0</attscale></attr><attr><attrlabl Sync="TRUE">ISCONNECTE</attrlabl><attalias Sync="TRUE">ISCONNECTE</attalias><attrtype Sync="TRUE">Integer</attrtype><attwidth Sync="TRUE">5</attwidth><atprecis Sync="TRUE">5</atprecis><attscale Sync="TRUE">0</attscale></attr><attr><attrlabl Sync="TRUE">SUBNETWORK</attrlabl><attalias Sync="TRUE">SUBNETWORK</attalias><attrtype Sync="TRUE">String</attrtype><attwidth Sync="TRUE">254</attwidth><atprecis Sync="TRUE">0</atprecis><attscale Sync="TRUE">0</attscale></attr><attr><attrlabl Sync="TRUE">TIERNAME</attrlabl><attalias Sync="TRUE">TIERNAME</attalias><attrtype Sync="TRUE">Integer</attrtype><attwidth Sync="TRUE">10</attwidth><atprecis Sync="TRUE">10</atprecis><attscale Sync="TRUE">0</attscale></attr><attr><attrlabl Sync="TRUE">TIERRANK</attrlabl><attalias Sync="TRUE">TIERRANK</attalias><attrtype Sync="TRUE">Integer</attrtype><attwidth Sync="TRUE">10</attwidth><atprecis Sync="TRUE">10</atprecis><attscale Sync="TRUE">0</attscale></attr><attr><attrlabl Sync="TRUE">TERMINALCO</attrlabl><attalias Sync="TRUE">TERMINALCO</attalias><attrtype Sync="TRUE">String</attrtype><attwidth Sync="TRUE">128</attwidth><atprecis Sync="TRUE">0</atprecis><attscale Sync="TRUE">0</attscale></attr><attr><attrlabl Sync="TRUE">CREATIONDA</attrlabl><attalias Sync="TRUE">CREATIONDA</attalias><attrtype Sync="TRUE">Date</attrtype><attwidth Sync="TRUE">8</attwidth><atprecis Sync="TRUE">0</atprecis><attscale Sync="TRUE">0</attscale></attr><attr><attrlabl Sync="TRUE">CREATOR</attrlabl><attalias Sync="TRUE">CREATOR</attalias><attrtype Sync="TRUE">String</attrtype><attwidth Sync="TRUE">254</attwidth><atprecis Sync="TRUE">0</atprecis><attscale Sync="TRUE">0</attscale></attr><attr><attrlabl Sync="TRUE">LASTUPDATE</attrlabl><attalias Sync="TRUE">LASTUPDATE</attalias><attrtype Sync="TRUE">Date</attrtype><attwidth Sync="TRUE">8</attwidth><atprecis Sync="TRUE">0</atprecis><attscale Sync="TRUE">0</attscale></attr><attr><attrlabl Sync="TRUE">UPDATEDBY</attrlabl><attalias Sync="TRUE">UPDATEDBY</attalias><attrtype Sync="TRUE">String</attrtype><attwidth Sync="TRUE">254</attwidth><atprecis Sync="TRUE">0</atprecis><attscale Sync="TRUE">0</attscale></attr><attr><attrlabl Sync="TRUE">GLOBALID</attrlabl><attalias Sync="TRUE">GLOBALID</attalias><attrtype Sync="TRUE">String</attrtype><attwidth Sync="TRUE">38</attwidth><atprecis Sync="TRUE">0</atprecis><attscale Sync="TRUE">0</attscale></attr><attr><attrlabl Sync="TRUE">LABELTEXT</attrlabl><attalias Sync="TRUE">LABELTEXT</attalias><attrtype Sync="TRUE">String</attrtype><attwidth Sync="TRUE">254</attwidth><atprecis Sync="TRUE">0</atprecis><attscale Sync="TRUE">0</attscale></attr><attr><attrlabl Sync="TRUE">DEVICESTAT</attrlabl><attalias Sync="TRUE">DEVICESTAT</attalias><attrtype Sync="TRUE">Integer</attrtype><attwidth Sync="TRUE">5</attwidth><atprecis Sync="TRUE">5</atprecis><attscale Sync="TRUE">0</attscale></attr><attr><attrlabl Sync="TRUE">PHASESBUIL</attrlabl><attalias Sync="TRUE">PHASESBUIL</attalias><attrtype Sync="TRUE">Integer</attrtype><attwidth Sync="TRUE">5</attwidth><atprecis Sync="TRUE">5</atprecis><attscale Sync="TRUE">0</attscale></attr><attr><attrlabl Sync="TRUE">PHASESNORM</attrlabl><attalias Sync="TRUE">PHASESNORM</attalias><attrtype Sync="TRUE">Integer</attrtype><attwidth Sync="TRUE">5</attwidth><atprecis Sync="TRUE">5</atprecis><attscale Sync="TRUE">0</attscale></attr><attr><attrlabl Sync="TRUE">PHASESCURR</attrlabl><attalias Sync="TRUE">PHASESCURR</attalias><attrtype Sync="TRUE">Integer</attrtype><attwidth Sync="TRUE">5</attwidth><atprecis Sync="TRUE">5</atprecis><attscale Sync="TRUE">0</attscale></attr><attr><attrlabl Sync="TRUE">SUBNETWO_1</attrlabl><attalias Sync="TRUE">SUBNETWO_1</attalias><attrtype Sync="TRUE">String</attrtype><attwidth Sync="TRUE">254</attwidth><atprecis Sync="TRUE">0</atprecis><attscale Sync="TRUE">0</attscale></attr><attr><attrlabl Sync="TRUE">MYPHASESCU</attrlabl><attalias Sync="TRUE">MYPHASESCU</attalias><attrtype Sync="TRUE">Integer</attrtype><attwidth Sync="TRUE">5</attwidth><atprecis Sync="TRUE">5</atprecis><attscale Sync="TRUE">0</attscale></attr><attr><attrlabl Sync="TRUE">PHASESSUBS</attrlabl><attalias Sync="TRUE">PHASESSUBS</attalias><attrtype Sync="TRUE">Integer</attrtype><attwidth Sync="TRUE">10</attwidth><atprecis Sync="TRUE">10</atprecis><attscale Sync="TRUE">0</attscale></attr></detailed></eainfo><mdDateSt Sync="TRUE">20180102</mdDateSt></metadata>
