<metadata xml:lang="en"><Esri><CreaDate>20171113</CreaDate><CreaTime>10475500</CreaTime><ArcGISFormat>1.0</ArcGISFormat><SyncOnce>FALSE</SyncOnce><DataProperties><lineage><Process ToolSource="c:\arcgis\Resources\ArcToolbox\toolboxes\Data Management Tools.tbx\AddField" Date="20171113" Time="104755">AddField C:\Users\dev7774\AppData\Local\Temp\UN131550721302368968\UN\un_owner_user.sde\ElectricDistributionAssembly LABELTEXT String 0 0 256 "Label Text" NULLABLE NON_REQUIRED #</Process><Process ToolSource="c:\arcgis\Resources\ArcToolbox\toolboxes\Data Management Tools.tbx\AddSubtype" Date="20171113" Time="104800">AddSubtype C:\Users\dev7774\AppData\Local\Temp\UN131550721302368968\UN\un_owner_user.sde\ElectricDistributionAssembly 1 "Fuse Bank"</Process><Process ToolSource="c:\arcgis\Resources\ArcToolbox\toolboxes\Data Management Tools.tbx\AddSubtype" Date="20171113" Time="104805">AddSubtype C:\Users\dev7774\AppData\Local\Temp\UN131550721302368968\UN\un_owner_user.sde\ElectricDistributionAssembly 2 "Switch Bank"</Process><Process ToolSource="c:\arcgis\Resources\ArcToolbox\toolboxes\Data Management Tools.tbx\AddSubtype" Date="20171113" Time="104809">AddSubtype C:\Users\dev7774\AppData\Local\Temp\UN131550721302368968\UN\un_owner_user.sde\ElectricDistributionAssembly 3 "Switch Gear"</Process><Process ToolSource="c:\arcgis\Resources\ArcToolbox\toolboxes\Data Management Tools.tbx\AddSubtype" Date="20171113" Time="104814">AddSubtype C:\Users\dev7774\AppData\Local\Temp\UN131550721302368968\UN\un_owner_user.sde\ElectricDistributionAssembly 4 "Transformer Bank"</Process><Process ToolSource="c:\arcgis\Resources\ArcToolbox\toolboxes\Data Management Tools.tbx\AssignDomainToField" Date="20171113" Time="104818">AssignDomainToField C:\Users\dev7774\AppData\Local\Temp\UN131550721302368968\UN\un_owner_user.sde\ElectricDistributionAssembly ASSETTYPE EsriCoOp_6_UnknownAssetType #</Process><Process ToolSource="c:\arcgis\Resources\ArcToolbox\toolboxes\Data Management Tools.tbx\AssignDomainToField" Date="20171113" Time="104829">AssignDomainToField C:\Users\dev7774\AppData\Local\Temp\UN131550721302368968\UN\un_owner_user.sde\ElectricDistributionAssembly ASSETTYPE ElectricDistributionAssemblyFuseBankAssetType #</Process><Process ToolSource="c:\arcgis\Resources\ArcToolbox\toolboxes\Data Management Tools.tbx\AssignDomainToField" Date="20171113" Time="104834">AssignDomainToField C:\Users\dev7774\AppData\Local\Temp\UN131550721302368968\UN\un_owner_user.sde\ElectricDistributionAssembly ASSETTYPE ElectricDistributionAssemblyFuseBankAssetType 1</Process><Process ToolSource="c:\arcgis\Resources\ArcToolbox\toolboxes\Data Management Tools.tbx\AssignDomainToField" Date="20171113" Time="104838">AssignDomainToField C:\Users\dev7774\AppData\Local\Temp\UN131550721302368968\UN\un_owner_user.sde\ElectricDistributionAssembly ASSETTYPE ElectricDistributionAssemblySwitchBankAssetType #</Process><Process ToolSource="c:\arcgis\Resources\ArcToolbox\toolboxes\Data Management Tools.tbx\AssignDomainToField" Date="20171113" Time="104843">AssignDomainToField C:\Users\dev7774\AppData\Local\Temp\UN131550721302368968\UN\un_owner_user.sde\ElectricDistributionAssembly ASSETTYPE ElectricDistributionAssemblySwitchBankAssetType 2</Process><Process ToolSource="c:\arcgis\Resources\ArcToolbox\toolboxes\Data Management Tools.tbx\AssignDomainToField" Date="20171113" Time="104848">AssignDomainToField C:\Users\dev7774\AppData\Local\Temp\UN131550721302368968\UN\un_owner_user.sde\ElectricDistributionAssembly ASSETTYPE ElectricDistributionAssemblySwitchGearAssetType #</Process><Process ToolSource="c:\arcgis\Resources\ArcToolbox\toolboxes\Data Management Tools.tbx\AssignDomainToField" Date="20171113" Time="104853">AssignDomainToField C:\Users\dev7774\AppData\Local\Temp\UN131550721302368968\UN\un_owner_user.sde\ElectricDistributionAssembly ASSETTYPE ElectricDistributionAssemblySwitchGearAssetType 3</Process><Process ToolSource="c:\arcgis\Resources\ArcToolbox\toolboxes\Data Management Tools.tbx\AssignDomainToField" Date="20171113" Time="104858">AssignDomainToField C:\Users\dev7774\AppData\Local\Temp\UN131550721302368968\UN\un_owner_user.sde\ElectricDistributionAssembly ASSETTYPE ElectricDistributionAssemblyTransformerBankAssetType #</Process><Process ToolSource="c:\arcgis\Resources\ArcToolbox\toolboxes\Data Management Tools.tbx\AssignDomainToField" Date="20171113" Time="104903">AssignDomainToField C:\Users\dev7774\AppData\Local\Temp\UN131550721302368968\UN\un_owner_user.sde\ElectricDistributionAssembly ASSETTYPE ElectricDistributionAssemblyTransformerBankAssetType 4</Process><Process ToolSource="c:\arcgis\Resources\ArcToolbox\toolboxes\Data Management Tools.tbx\AssignDefaultToField" Date="20171113" Time="104907">AssignDefaultToField C:\Users\dev7774\AppData\Local\Temp\UN131550721302368968\UN\un_owner_user.sde\ElectricDistributionAssembly ASSETTYPE 0 # false</Process><Process ToolSource="c:\arcgis\Resources\ArcToolbox\toolboxes\Data Management Tools.tbx\AssignDefaultToField" Date="20171113" Time="104912">AssignDefaultToField C:\Users\dev7774\AppData\Local\Temp\UN131550721302368968\UN\un_owner_user.sde\ElectricDistributionAssembly ASSETTYPE 0 0 false</Process><Process ToolSource="c:\arcgis\Resources\ArcToolbox\toolboxes\Data Management Tools.tbx\AssignDefaultToField" Date="20171113" Time="104916">AssignDefaultToField C:\Users\dev7774\AppData\Local\Temp\UN131550721302368968\UN\un_owner_user.sde\ElectricDistributionAssembly ASSETTYPE 1 # false</Process><Process ToolSource="c:\arcgis\Resources\ArcToolbox\toolboxes\Data Management Tools.tbx\AssignDefaultToField" Date="20171113" Time="104921">AssignDefaultToField C:\Users\dev7774\AppData\Local\Temp\UN131550721302368968\UN\un_owner_user.sde\ElectricDistributionAssembly ASSETTYPE 1 1;2;3;4 false</Process><Process ToolSource="c:\arcgis\Resources\ArcToolbox\toolboxes\Data Management Tools.tbx\Append" Date="20171113" Time="111142">Append C:\Users\dev7774\AppData\Local\Temp\UN131550721528462724\UN\UN\UNExport.gdb\ElectricDistributionAssembly C:\Users\dev7774\AppData\Local\Temp\UN131550721302368968\UN\un_owner_user.sde\QS10085.UNADMIN.EsriCoOp\QS10085.UNADMIN.ElectricDistributionAssembly "Use the Field Map to reconcile schema differences" "ASSETGROUP "Asset group" true false true 4 Long 0 10,First,#,C:\Users\dev7774\AppData\Local\Temp\UN131550721528462724\UN\UN\UNExport.gdb\ElectricDistributionAssembly,ASSETGROUP,-1,-1;ASSETTYPE "Asset type" true false true 2 Short 0 5,First,#,C:\Users\dev7774\AppData\Local\Temp\UN131550721528462724\UN\UN\UNExport.gdb\ElectricDistributionAssembly,ASSETTYPE,-1,-1;GLOBALID "Global ID" false false true 38 GlobalID 0 0,First,#,C:\Users\dev7774\AppData\Local\Temp\UN131550721528462724\UN\UN\UNExport.gdb\ElectricDistributionAssembly,GLOBALID,-1,-1;LABELTEXT "Label Text" true true false 256 Text 0 0,First,#,C:\Users\dev7774\AppData\Local\Temp\UN131550721528462724\UN\UN\UNExport.gdb\ElectricDistributionAssembly,LABELTEXT,0,256" #</Process><Process ToolSource="c:\arcgis\Resources\ArcToolbox\toolboxes\Data Management Tools.tbx\AddSpatialIndex" Date="20171113" Time="111150">AddSpatialIndex C:\Users\dev7774\AppData\Local\Temp\UN131550721302368968\UN\un_owner_user.sde\QS10085.UNADMIN.EsriCoOp\QS10085.UNADMIN.ElectricDistributionAssembly 0 0 0</Process><Process ToolSource="c:\arcgis\Resources\ArcToolbox\toolboxes\Data Management Tools.tbx\CopyFeatures" Date="20180102" Time="154612">CopyFeatures C:\Users\dev7774\Documents\ArcGIS\Projects\QS10085\unadmin@QS10085-QuickStart.sde\QS10085.UNADMIN.EsriCoOp\QS10085.UNADMIN.ElectricDistributionAssembly C:\temp\GISCup2018Data\QS10085Shapefiles\ElectricDistributionAssembly.shp # # # #</Process></lineage><itemProps><itemName Sync="TRUE">ElectricDistributionAssembly</itemName><imsContentType Sync="TRUE">002</imsContentType><itemSize Sync="TRUE">0.000</itemSize><itemLocation><linkage Sync="TRUE">file://\\DOLIVER\C$\temp\GISCup2018Data\QS10085Shapefiles\ElectricDistributionAssembly.shp</linkage><protocol Sync="TRUE">Local Area Network</protocol></itemLocation></itemProps><coordRef><type Sync="TRUE">Projected</type><geogcsn Sync="TRUE">GCS_NAD_1983_NSRS2007</geogcsn><csUnits Sync="TRUE">Linear Unit: Foot_US (0.304801)</csUnits><projcsn Sync="TRUE">NAD_1983_NSRS2007_StatePlane_California_V_FIPS_0405_Ft_US</projcsn><peXml Sync="TRUE">&lt;ProjectedCoordinateSystem xsi:type='typens:ProjectedCoordinateSystem' xmlns:xsi='http://www.w3.org/2001/XMLSchema-instance' xmlns:xs='http://www.w3.org/2001/XMLSchema' xmlns:typens='http://www.esri.com/schemas/ArcGIS/2.2.0'&gt;&lt;WKT&gt;PROJCS[&amp;quot;NAD_1983_NSRS2007_StatePlane_California_V_FIPS_0405_Ft_US&amp;quot;,GEOGCS[&amp;quot;GCS_NAD_1983_NSRS2007&amp;quot;,DATUM[&amp;quot;D_NAD_1983_NSRS2007&amp;quot;,SPHEROID[&amp;quot;GRS_1980&amp;quot;,6378137.0,298.257222101]],PRIMEM[&amp;quot;Greenwich&amp;quot;,0.0],UNIT[&amp;quot;Degree&amp;quot;,0.0174532925199433]],PROJECTION[&amp;quot;Lambert_Conformal_Conic&amp;quot;],PARAMETER[&amp;quot;False_Easting&amp;quot;,6561666.666666666],PARAMETER[&amp;quot;False_Northing&amp;quot;,1640416.666666667],PARAMETER[&amp;quot;Central_Meridian&amp;quot;,-118.0],PARAMETER[&amp;quot;Standard_Parallel_1&amp;quot;,34.03333333333333],PARAMETER[&amp;quot;Standard_Parallel_2&amp;quot;,35.46666666666667],PARAMETER[&amp;quot;Latitude_Of_Origin&amp;quot;,33.5],UNIT[&amp;quot;Foot_US&amp;quot;,0.3048006096012192],AUTHORITY[&amp;quot;EPSG&amp;quot;,3498]]&lt;/WKT&gt;&lt;XOrigin&gt;-117608900&lt;/XOrigin&gt;&lt;YOrigin&gt;-91881400&lt;/YOrigin&gt;&lt;XYScale&gt;36269466.692146368&lt;/XYScale&gt;&lt;ZOrigin&gt;-100000&lt;/ZOrigin&gt;&lt;ZScale&gt;10000&lt;/ZScale&gt;&lt;MOrigin&gt;-100000&lt;/MOrigin&gt;&lt;MScale&gt;10000&lt;/MScale&gt;&lt;XYTolerance&gt;0.0032808333333333331&lt;/XYTolerance&gt;&lt;ZTolerance&gt;0.001&lt;/ZTolerance&gt;&lt;MTolerance&gt;0.001&lt;/MTolerance&gt;&lt;HighPrecision&gt;true&lt;/HighPrecision&gt;&lt;WKID&gt;3498&lt;/WKID&gt;&lt;LatestWKID&gt;3498&lt;/LatestWKID&gt;&lt;/ProjectedCoordinateSystem&gt;</peXml></coordRef></DataProperties><SyncDate>20180102</SyncDate><SyncTime>15461200</SyncTime><ModDate>20180102</ModDate><ModTime>15461200</ModTime></Esri><dataIdInfo><envirDesc Sync="TRUE">Microsoft Windows 8 Version 6.2 (Build 9200) ; Esri ArcGIS 12.2.0.11333</envirDesc><dataLang><languageCode value="eng" Sync="TRUE"></languageCode><countryCode value="USA" Sync="TRUE"></countryCode></dataLang><idCitation><resTitle Sync="TRUE">ElectricDistributionAssembly</resTitle><presForm><PresFormCd value="005" Sync="TRUE"></PresFormCd></presForm></idCitation><spatRpType><SpatRepTypCd value="001" Sync="TRUE"></SpatRepTypCd></spatRpType></dataIdInfo><mdLang><languageCode value="eng" Sync="TRUE"></languageCode><countryCode value="USA" Sync="TRUE"></countryCode></mdLang><distInfo><distFormat><formatName Sync="TRUE">Shapefile</formatName></distFormat><distTranOps><transSize Sync="TRUE">0.000</transSize></distTranOps></distInfo><mdHrLv><ScopeCd value="005" Sync="TRUE"></ScopeCd></mdHrLv><mdHrLvName Sync="TRUE">dataset</mdHrLvName><refSysInfo><RefSystem><refSysID><identCode code="3498" Sync="TRUE"></identCode><idCodeSpace Sync="TRUE">EPSG</idCodeSpace><idVersion Sync="TRUE">8.9.3(10.0.0)</idVersion></refSysID></RefSystem></refSysInfo><spatRepInfo><VectSpatRep><geometObjs Name="ElectricDistributionAssembly"><geoObjTyp><GeoObjTypCd value="004" Sync="TRUE"></GeoObjTypCd></geoObjTyp><geoObjCnt Sync="TRUE">0</geoObjCnt></geometObjs><topLvl><TopoLevCd value="001" Sync="TRUE"></TopoLevCd></topLvl></VectSpatRep></spatRepInfo><spdoinfo><ptvctinf><esriterm Name="ElectricDistributionAssembly"><efeatyp Sync="TRUE">Simple</efeatyp><efeageom code="1" Sync="TRUE"></efeageom><esritopo Sync="TRUE">FALSE</esritopo><efeacnt Sync="TRUE">0</efeacnt><spindex Sync="TRUE">FALSE</spindex><linrefer Sync="TRUE">TRUE</linrefer></esriterm></ptvctinf></spdoinfo><eainfo><detailed Name="ElectricDistributionAssembly"><enttyp><enttypl Sync="TRUE">ElectricDistributionAssembly</enttypl><enttypt Sync="TRUE">Feature Class</enttypt><enttypc Sync="TRUE">0</enttypc></enttyp><attr><attrlabl Sync="TRUE">FID</attrlabl><attalias Sync="TRUE">FID</attalias><attrtype Sync="TRUE">OID</attrtype><attwidth Sync="TRUE">4</attwidth><atprecis Sync="TRUE">0</atprecis><attscale Sync="TRUE">0</attscale><attrdef Sync="TRUE">Internal feature number.</attrdef><attrdefs Sync="TRUE">Esri</attrdefs><attrdomv><udom Sync="TRUE">Sequential unique whole numbers that are automatically generated.</udom></attrdomv></attr><attr><attrlabl Sync="TRUE">Shape</attrlabl><attalias Sync="TRUE">Shape</attalias><attrtype Sync="TRUE">Geometry</attrtype><attwidth Sync="TRUE">0</attwidth><atprecis Sync="TRUE">0</atprecis><attscale Sync="TRUE">0</attscale><attrdef Sync="TRUE">Feature geometry.</attrdef><attrdefs Sync="TRUE">Esri</attrdefs><attrdomv><udom Sync="TRUE">Coordinates defining the features.</udom></attrdomv></attr><attr><attrlabl Sync="TRUE">ASSETGROUP</attrlabl><attalias Sync="TRUE">ASSETGROUP</attalias><attrtype Sync="TRUE">Integer</attrtype><attwidth Sync="TRUE">10</attwidth><atprecis Sync="TRUE">10</atprecis><attscale Sync="TRUE">0</attscale></attr><attr><attrlabl Sync="TRUE">ASSETTYPE</attrlabl><attalias Sync="TRUE">ASSETTYPE</attalias><attrtype Sync="TRUE">Integer</attrtype><attwidth Sync="TRUE">5</attwidth><atprecis Sync="TRUE">5</atprecis><attscale Sync="TRUE">0</attscale></attr><attr><attrlabl Sync="TRUE">ASSOCIATIO</attrlabl><attalias Sync="TRUE">ASSOCIATIO</attalias><attrtype Sync="TRUE">Integer</attrtype><attwidth Sync="TRUE">5</attwidth><atprecis Sync="TRUE">5</atprecis><attscale Sync="TRUE">0</attscale></attr><attr><attrlabl Sync="TRUE">CREATIONDA</attrlabl><attalias Sync="TRUE">CREATIONDA</attalias><attrtype Sync="TRUE">Date</attrtype><attwidth Sync="TRUE">8</attwidth><atprecis Sync="TRUE">0</atprecis><attscale Sync="TRUE">0</attscale></attr><attr><attrlabl Sync="TRUE">CREATOR</attrlabl><attalias Sync="TRUE">CREATOR</attalias><attrtype Sync="TRUE">String</attrtype><attwidth Sync="TRUE">254</attwidth><atprecis Sync="TRUE">0</atprecis><attscale Sync="TRUE">0</attscale></attr><attr><attrlabl Sync="TRUE">LASTUPDATE</attrlabl><attalias Sync="TRUE">LASTUPDATE</attalias><attrtype Sync="TRUE">Date</attrtype><attwidth Sync="TRUE">8</attwidth><atprecis Sync="TRUE">0</atprecis><attscale Sync="TRUE">0</attscale></attr><attr><attrlabl Sync="TRUE">UPDATEDBY</attrlabl><attalias Sync="TRUE">UPDATEDBY</attalias><attrtype Sync="TRUE">String</attrtype><attwidth Sync="TRUE">254</attwidth><atprecis Sync="TRUE">0</atprecis><attscale Sync="TRUE">0</attscale></attr><attr><attrlabl Sync="TRUE">GLOBALID</attrlabl><attalias Sync="TRUE">GLOBALID</attalias><attrtype Sync="TRUE">String</attrtype><attwidth Sync="TRUE">38</attwidth><atprecis Sync="TRUE">0</atprecis><attscale Sync="TRUE">0</attscale></attr><attr><attrlabl Sync="TRUE">LABELTEXT</attrlabl><attalias Sync="TRUE">LABELTEXT</attalias><attrtype Sync="TRUE">String</attrtype><attwidth Sync="TRUE">254</attwidth><atprecis Sync="TRUE">0</atprecis><attscale Sync="TRUE">0</attscale></attr><attr><attrlabl Sync="TRUE">SUBNETWORK</attrlabl><attalias Sync="TRUE">SUBNETWORK</attalias><attrtype Sync="TRUE">String</attrtype><attwidth Sync="TRUE">254</attwidth><atprecis Sync="TRUE">0</atprecis><attscale Sync="TRUE">0</attscale></attr></detailed></eainfo><mdDateSt Sync="TRUE">20180102</mdDateSt></metadata>
